rows,nonzero,min,max
201,201,-0.085478,-0.069505
